peptide,position,allele,binding_affinity,binding_rank,epitope_class,source_tool,peptide_length,bepipred_score
FISLLFLFS,4,HLA-A*02:01,42.0,0.3,MHC_I,NetMHCpan,9,0.0
TFISLLFLFSSAYSR,5,HLA-DRB1*04:01,120.0,1.5,MHC_II,NetMHCIIpan,15,0.0
SSAYSRGVFRRDTH,14,B-cell-linear,561.24,4.478,B_CELL,BepiPred_simulated,14,0.6268
SAYSRGVFRRDTHK,15,B-cell-linear,570.62,4.639,B_CELL,BepiPred_simulated,14,0.6134
AYSRGVFRRDTHKS,16,B-cell-linear,570.62,4.639,B_CELL,BepiPred_simulated,14,0.6134
YSRGVFRRDTHKSE,17,B-cell-linear,537.58,4.073,B_CELL,BepiPred_simulated,14,0.6606
SRGVFRRDTHKSEI,18,B-cell-linear,570.62,4.639,B_CELL,BepiPred_simulated,14,0.6134
SRGVFRRDT,18,HLA-A*11:01,88.0,0.7,MHC_I,NetMHCpan,9,0.0
RRDTHKSEIAHRFK,23,B-cell-linear,568.03,4.595,B_CELL,BepiPred_simulated,14,0.6171
RDTHKSEIAHRFKD,24,B-cell-linear,555.5,4.38,B_CELL,BepiPred_simulated,14,0.635
DTHKSEIAHRFKDL,25,B-cell-linear,585.32,4.891,B_CELL,BepiPred_simulated,14,0.5924
DTHKSEIAHRFKDLG,25,HLA-DRB1*07:01,210.0,3.5,MHC_II,NetMHCIIpan,15,0.0
HRFKDLGEE,31,HLA-B*07:02,120.0,1.4,MHC_I,NetMHCpan,9,0.0
VLIAFAQYL,56,HLA-A*02:01,35.0,0.2,MHC_I,NetMHCpan,9,0.0
LIAFAQYLQQCPFED,58,HLA-DPB1*04:01,160.0,2.1,MHC_II,NetMHCIIpan,15,0.0
ADESAENCDKSLHT,79,B-cell-linear,566.28,4.565,B_CELL,BepiPred_simulated,14,0.6196
DESAENCDKSLHTL,80,B-cell-linear,566.28,4.565,B_CELL,BepiPred_simulated,14,0.6196
CPFEDHVKL,80,HLA-A*24:02,150.0,1.8,MHC_I,NetMHCpan,9,0.0
ENCDKSLHTLFGDE,84,B-cell-linear,593.86,5.038,B_CELL,BepiPred_simulated,14,0.5802
KLVNEVTEFAKTCVA,88,HLA-DQB1*03:01,340.0,7.4,MHC_II,NetMHCIIpan,15,0.0
TCVADESAE,101,HLA-B*08:01,310.0,2.4,MHC_I,NetMHCpan,9,0.0
DMADCCEKQEPERN,110,B-cell-linear,594.0,5.04,B_CELL,BepiPred_simulated,14,0.58
EKQEPERNECFLSH,116,B-cell-linear,567.61,4.588,B_CELL,BepiPred_simulated,14,0.6177
KQEPERNECFLSHK,117,B-cell-linear,567.61,4.588,B_CELL,BepiPred_simulated,14,0.6177
QEPERNECFLSHKD,118,B-cell-linear,551.93,4.319,B_CELL,BepiPred_simulated,14,0.6401
EPERNECFLSHKDD,119,B-cell-linear,542.62,4.159,B_CELL,BepiPred_simulated,14,0.6534
PERNECFLSHKDDS,120,B-cell-linear,530.09,3.944,B_CELL,BepiPred_simulated,14,0.6713
ERNECFLSHKDDSP,121,B-cell-linear,530.09,3.944,B_CELL,BepiPred_simulated,14,0.6713
RNECFLSHKDDSPD,122,B-cell-linear,517.63,3.731,B_CELL,BepiPred_simulated,14,0.6891
NECFLSHKDDSPDL,123,B-cell-linear,553.75,4.35,B_CELL,BepiPred_simulated,14,0.6375
ECFLSHKDDSPDLP,124,B-cell-linear,556.9,4.404,B_CELL,BepiPred_simulated,14,0.633
CFLSHKDDSPDLPK,125,B-cell-linear,560.05,4.458,B_CELL,BepiPred_simulated,14,0.6285
FLSHKDDSPDLPKL,126,B-cell-linear,560.47,4.465,B_CELL,BepiPred_simulated,14,0.6279
LSHKDDSPDLPKLK,127,B-cell-linear,530.58,3.953,B_CELL,BepiPred_simulated,14,0.6706
SHKDDSPDLPKLKP,128,B-cell-linear,485.08,3.173,B_CELL,BepiPred_simulated,14,0.7356
HKDDSPDLPKLKPD,129,B-cell-linear,485.08,3.173,B_CELL,BepiPred_simulated,14,0.7356
KDDSPDLPKLKPDP,130,B-cell-linear,475.77,3.013,B_CELL,BepiPred_simulated,14,0.7489
DDSPDLPKLKPDPN,131,B-cell-linear,460.09,2.744,B_CELL,BepiPred_simulated,14,0.7713
FGDELCKVA,131,HLA-A*02:01,65.0,0.5,MHC_I,NetMHCpan,9,0.0
DSPDLPKLKPDPNT,132,B-cell-linear,456.94,2.69,B_CELL,BepiPred_simulated,14,0.7758
SPDLPKLKPDPNTL,133,B-cell-linear,502.44,3.47,B_CELL,BepiPred_simulated,14,0.7108
FGDELCKVASLRETY,133,HLA-DRB1*15:01,98.0,1.2,MHC_II,NetMHCIIpan,15,0.0
PDLPKLKPDPNTLC,134,B-cell-linear,550.67,4.297,B_CELL,BepiPred_simulated,14,0.6419
DLPKLKPDPNTLCD,135,B-cell-linear,550.67,4.297,B_CELL,BepiPred_simulated,14,0.6419
LPKLKPDPNTLCDE,136,B-cell-linear,560.05,4.458,B_CELL,BepiPred_simulated,14,0.6285
PKLKPDPNTLCDEF,137,B-cell-linear,556.9,4.404,B_CELL,BepiPred_simulated,14,0.633
KLKPDPNTLCDEFK,138,B-cell-linear,569.43,4.619,B_CELL,BepiPred_simulated,14,0.6151
KPDPNTLCDEFKAD,140,B-cell-linear,553.75,4.35,B_CELL,BepiPred_simulated,14,0.6375
PDPNTLCDEFKADE,141,B-cell-linear,553.75,4.35,B_CELL,BepiPred_simulated,14,0.6375
DPNTLCDEFKADEK,142,B-cell-linear,566.28,4.565,B_CELL,BepiPred_simulated,14,0.6196
PNTLCDEFKADEKK,143,B-cell-linear,578.74,4.778,B_CELL,BepiPred_simulated,14,0.6018
PERNECFLSHKDDSP,160,HLA-DRB1*01:01,280.0,5.8,MHC_II,NetMHCIIpan,15,0.0
NECFLSHKD,171,HLA-B*15:01,190.0,1.6,MHC_I,NetMHCpan,9,0.0
PKLDELRDEGKASS,203,B-cell-linear,564.39,4.532,B_CELL,BepiPred_simulated,14,0.6223
DELRDEGKASSAKQ,206,B-cell-linear,576.92,4.747,B_CELL,BepiPred_simulated,14,0.6044
ELRDEGKASSAKQR,207,B-cell-linear,589.38,4.961,B_CELL,BepiPred_simulated,14,0.5866
RDEGKASSAKQRLK,209,B-cell-linear,589.38,4.961,B_CELL,BepiPred_simulated,14,0.5866
FWGKYLYEI,217,HLA-A*02:01,55.0,0.4,MHC_I,NetMHCpan,9,0.0
FWGKYLYEIARRHPY,218,HLA-DRB1*04:05,110.0,1.4,MHC_II,NetMHCIIpan,15,0.0
VARLSQTFPNANYP,239,B-cell-linear,593.37,5.029,B_CELL,BepiPred_simulated,14,0.5809
ARLSQTFPNANYPK,240,B-cell-linear,560.33,4.463,B_CELL,BepiPred_simulated,14,0.6281
RLSQTFPNANYPKV,241,B-cell-linear,557.18,4.409,B_CELL,BepiPred_simulated,14,0.6326
LSQTFPNANYPKVG,242,B-cell-linear,575.45,4.722,B_CELL,BepiPred_simulated,14,0.6065
SQTFPNANYPKVGK,243,B-cell-linear,545.63,4.211,B_CELL,BepiPred_simulated,14,0.6491
QTFPNANYPKVGKC,244,B-cell-linear,593.86,5.038,B_CELL,BepiPred_simulated,14,0.5802
FYAPELLFF,245,HLA-A*24:02,92.0,0.8,MHC_I,NetMHCpan,9,0.0
RYKAAFTECCQAADK,251,HLA-DQB1*06:02,240.0,4.6,MHC_II,NetMHCIIpan,15,0.0
